"","Chisq","Df","Pr..Chisq."
"TV",0.395543601767232,1,0.529399747749458
"LV",1.98438973250839e-05,1,0.996445716129007
"TV:LV",0.100512691585848,1,0.751215249460087
