"","Chisq","Df","Pr..Chisq."
"TV",0.318222684068717,1,0.572677709454419
"LV",0.0008620522745928,1,0.976576894813529
"TV:LV",0.182961309149585,1,0.668840593244472
