"","Chisq","Df","Pr..Chisq."
"TV",0.846247192211311,1,0.357616161304338
"LV",0.147486101899565,1,0.700949398734972
"TV:LV",0.0167397505916371,1,0.897055241068197
