"","Chisq","Df","Pr..Chisq."
"TV",2.54085066445354,1,0.110935004638227
"LV",0.677234935147924,1,0.410540493381979
"tleaf_fac",7.74120017212655,2,0.0208458563632525
"TV:LV",0.523432922955219,1,0.469380957174061
"TV:tleaf_fac",3.22194639111766,2,0.1996931789639
"LV:tleaf_fac",1.23804733292025,2,0.538469907266779
"TV:LV:tleaf_fac",0.508692202979401,2,0.775423380411483
