"","Chisq","Df","Pr..Chisq."
"TV",0.0153843698536136,1,0.901288556851641
"LV",0.00235028142393309,1,0.961333941550026
"tleaf_fac",8.12879176737192,2,0.0171733608479238
"TV:LV",0.0858799620322047,1,0.769481769720903
"TV:tleaf_fac",1.72481208470437,2,0.422145160295165
"LV:tleaf_fac",0.400520685162043,2,0.818517630344229
"TV:LV:tleaf_fac",0.156877049942901,2,0.924558895469047
