"","Chisq","Df","Pr..Chisq."
"TV",0.0348871388313787,1,0.851832351117693
"LV",0.00171733876451345,1,0.966944497988298
"TV:LV",0.107333703909985,1,0.743200337320666
