"","Chisq","Df","Pr..Chisq."
"TV",0.0564651622062282,1,0.812172739476988
"LV",0.0185147064041591,1,0.891766926738487
"TV:LV",0.0972755053752334,1,0.755123960171256
