"","Chisq","Df","Pr..Chisq."
"TV",0.018097833073453,1,0.89298492373772
"LV",0.074561143146673,1,0.784807967329494
"TV:LV",0.0297057286696491,1,0.863159627338417
