"","Chisq","Df","Pr..Chisq."
"TV",0.175631862933987,1,0.675154339096466
"LV",4.70095735374337,1,0.0301458210261952
"TV:LV",0.184995724339065,1,0.667114685595639
