"","Chisq","Df","Pr..Chisq."
"TV",0.175631862908025,1,0.675154339119103
"LV",4.70095735379662,1,0.0301458210252614
"TV:LV",0.184995724341104,1,0.667114685593914
