"","Chisq","Df","Pr..Chisq."
"TV",0.0216675703230743,1,0.882974883604489
"LV",1.42098588540032,1,0.233241199337722
"tleaf_fac",3540.3468203272,2,0
"TV:LV",0.0707042532756191,1,0.79031413490523
"TV:tleaf_fac",0.0546102698981137,2,0.973064280300418
"LV:tleaf_fac",1.62435670356015,2,0.443890063570435
"TV:LV:tleaf_fac",2.41220323968393,2,0.299362034641399
