"","Chisq","Df","Pr..Chisq."
"TV",0.0799223236653669,1,0.777402702919158
"LV",0.00262748406127159,1,0.959119146316228
"TV:LV",0.158886904236901,1,0.690183391074653
