"","Chisq","Df","Pr..Chisq."
"TV",0.921438162853913,1,0.337097640806491
"LV",0.204268539540394,1,0.651297242602016
"TV:LV",1.86691662446632,1,0.171828640497893
