"","Chisq","Df","Pr..Chisq."
"TV",0.0908959683251827,1,0.763041192685472
"LV",1.47640628230894,1,0.224337640350685
"TV:LV",0.0498058537942133,1,0.823401447508275
