"","Chisq","Df","Pr..Chisq."
"TV",0.0357108111169752,1,0.850113944391654
"LV",0.00066144475196522,1,0.979481813446851
"TV:LV",0.0531665648331746,1,0.817642069609568
