"","Chisq","Df","Pr..Chisq."
"TV",0.0408838870056748,1,0.839762215359527
"LV",0.0571438688667713,1,0.811068488439406
"TV:LV",0.00282351477526392,1,0.957622946226319
