"","Chisq","Df","Pr..Chisq."
"TV",0.0801466691610516,1,0.777098747665444
"LV",0.0145940312295581,1,0.903844889078215
"TV:LV",0.0672888519438217,1,0.795325898164822
